{
  "mean_reward": {
    "mean_reward": -497.16333333333404,
    "std_reward": 531.8545347179077,
    "early_performance": -971.7750000000018,
    "late_performance": -109.68333333333335,
    "improvement": 862.0916666666684,
    "variance": 5928.038611111109,
    "convergence_episode": 50,
    "final_eval_performance": 21.966666666666672,
    "best_episode_reward": -1.8333333333333606,
    "worst_episode_reward": -1839.833333333352,
    "experiment_id": 14,
    "config": {
      "lr": 0.001,
      "hidden_dim": 128,
      "batch_size": 128,
      "buffer_size": 50000,
      "target_update_freq": 500,
      "epsilon_decay": 0.985,
      "epsilon_min": 0.05,
      "gamma": 0.99
    },
    "lr": 0.001,
    "hidden_dim": 128,
    "batch_size": 128,
    "buffer_size": 50000,
    "target_update_freq": 500,
    "epsilon_decay": 0.985,
    "epsilon_min": 0.05,
    "gamma": 0.99
  },
  "improvement": {
    "mean_reward": -1020.2766666666689,
    "std_reward": 690.0753055605217,
    "early_performance": -1625.5916666666712,
    "late_performance": -381.66666666666663,
    "improvement": 1243.9250000000047,
    "variance": 45365.64444444413,
    "convergence_episode": 50,
    "final_eval_performance": -504.80000000000655,
    "best_episode_reward": -92.00000000000014,
    "worst_episode_reward": -2481.1666666666656,
    "experiment_id": 12,
    "config": {
      "lr": 0.0005,
      "hidden_dim": 256,
      "batch_size": 32,
      "buffer_size": 25000,
      "target_update_freq": 500,
      "epsilon_decay": 0.985,
      "epsilon_min": 0.1,
      "gamma": 0.995
    },
    "lr": 0.0005,
    "hidden_dim": 256,
    "batch_size": 32,
    "buffer_size": 25000,
    "target_update_freq": 500,
    "epsilon_decay": 0.985,
    "epsilon_min": 0.1,
    "gamma": 0.995
  },
  "stability": {
    "mean_reward": -497.16333333333404,
    "std_reward": 531.8545347179077,
    "early_performance": -971.7750000000018,
    "late_performance": -109.68333333333335,
    "improvement": 862.0916666666684,
    "variance": 5928.038611111109,
    "convergence_episode": 50,
    "final_eval_performance": 21.966666666666672,
    "best_episode_reward": -1.8333333333333606,
    "worst_episode_reward": -1839.833333333352,
    "experiment_id": 14,
    "config": {
      "lr": 0.001,
      "hidden_dim": 128,
      "batch_size": 128,
      "buffer_size": 50000,
      "target_update_freq": 500,
      "epsilon_decay": 0.985,
      "epsilon_min": 0.05,
      "gamma": 0.99
    },
    "lr": 0.001,
    "hidden_dim": 128,
    "batch_size": 128,
    "buffer_size": 50000,
    "target_update_freq": 500,
    "epsilon_decay": 0.985,
    "epsilon_min": 0.05,
    "gamma": 0.99
  },
  "convergence": {
    "mean_reward": -1292.62666666667,
    "std_reward": 513.2774975694083,
    "early_performance": -1302.19166666667,
    "late_performance": -1266.7666666666698,
    "improvement": 35.42500000000018,
    "variance": 253894.57055555773,
    "convergence_episode": 20,
    "final_eval_performance": -521.5333333333392,
    "best_episode_reward": -280.49999999999983,
    "worst_episode_reward": -2356.8333333333276,
    "experiment_id": 1,
    "config": {
      "lr": 0.0001,
      "hidden_dim": 64,
      "batch_size": 128,
      "buffer_size": 25000,
      "target_update_freq": 500,
      "epsilon_decay": 0.995,
      "epsilon_min": 0.1,
      "gamma": 0.95
    },
    "lr": 0.0001,
    "hidden_dim": 64,
    "batch_size": 128,
    "buffer_size": 25000,
    "target_update_freq": 500,
    "epsilon_decay": 0.995,
    "epsilon_min": 0.1,
    "gamma": 0.95
  },
  "eval_performance": {
    "mean_reward": -1278.9133333333366,
    "std_reward": 637.9128129559217,
    "early_performance": -1563.4250000000059,
    "late_performance": -863.2333333333336,
    "improvement": 700.1916666666723,
    "variance": 243436.75388888954,
    "convergence_episode": 50,
    "final_eval_performance": 31.03333333333334,
    "best_episode_reward": -145.50000000000006,
    "worst_episode_reward": -2429.9999999999986,
    "experiment_id": 13,
    "config": {
      "lr": 0.002,
      "hidden_dim": 128,
      "batch_size": 64,
      "buffer_size": 50000,
      "target_update_freq": 1000,
      "epsilon_decay": 0.995,
      "epsilon_min": 0.01,
      "gamma": 0.95
    },
    "lr": 0.002,
    "hidden_dim": 128,
    "batch_size": 64,
    "buffer_size": 50000,
    "target_update_freq": 1000,
    "epsilon_decay": 0.995,
    "epsilon_min": 0.01,
    "gamma": 0.95
  }
}